{
    "mutation_timestamp": 169.93467688560486,
    "tracheck_timestamp": 1316.7296750545502,
    "diagnosi_timestamp": 0.0029642581939697266
}