{
    "mutation_timestamp": 129.3906865119934,
    "tracheck_timestamp": 244.4874551296234,
    "diagnosi_timestamp": 0.03810310363769531
}