{
    "mutation_timestamp": 140.1859769821167,
    "tracheck_timestamp": 4520.59473991394,
    "diagnosi_timestamp": 0.027743101119995117
}