{
    "mutation_timestamp": 1413.1230945587158,
    "tracheck_timestamp": 64846.23771071434,
    "diagnosi_timestamp": 0.0
}