{
    "mutation_timestamp": 42.83107256889343,
    "tracheck_timestamp": 4130.346748590469,
    "diagnosi_timestamp": 0.03292250633239746
}