{
    "mutation_timestamp": 3.2875611782073975,
    "tracheck_timestamp": 383338.31056165695,
    "diagnosi_timestamp": 0.0
}