{
    "mutation_timestamp": 73.38318252563477,
    "tracheck_timestamp": 7123.252300262451,
    "diagnosi_timestamp": 0.04742789268493652
}