{
    "mutation_timestamp": 300.4423277378082,
    "tracheck_timestamp": 439.79538559913635,
    "diagnosi_timestamp": 0.12005138397216797
}