{
    "mutation_timestamp": 1.135063886642456,
    "tracheck_timestamp": 158.41363668441772,
    "diagnosi_timestamp": 0.0015785694122314453
}