{
    "mutation_timestamp": 1.2008485794067383,
    "tracheck_timestamp": 161.06725001335144,
    "diagnosi_timestamp": 0.0016937255859375
}