{
    "mutation_timestamp": 110.25440812110901,
    "tracheck_timestamp": 227.4076066017151,
    "diagnosi_timestamp": 0.00401759147644043
}