{
    "mutation_timestamp": 10.080872058868408,
    "tracheck_timestamp": 426976.67286872864,
    "diagnosi_timestamp": 0.0
}