{
    "mutation_timestamp": 115.93063068389893,
    "tracheck_timestamp": 240.82266497612,
    "diagnosi_timestamp": 0.003264904022216797
}