{
    "mutation_timestamp": 38.88002347946167,
    "tracheck_timestamp": 122.6171727180481,
    "diagnosi_timestamp": 0.044780731201171875
}