{
    "mutation_timestamp": 1.0647366046905518,
    "tracheck_timestamp": 4961.868059873581,
    "diagnosi_timestamp": 0.0018286705017089844
}