{
    "mutation_timestamp": 129.82784175872803,
    "tracheck_timestamp": 244.81148982048035,
    "diagnosi_timestamp": 0.0029172897338867188
}