{
    "mutation_timestamp": 117.97423791885376,
    "tracheck_timestamp": 237.69236421585083,
    "diagnosi_timestamp": 0.011299610137939453
}