{
    "mutation_timestamp": 109.58833956718445,
    "tracheck_timestamp": 231.56166696548462,
    "diagnosi_timestamp": 0.04521822929382324
}