{
    "mutation_timestamp": 10.269439458847046,
    "tracheck_timestamp": 400756.7012696266,
    "diagnosi_timestamp": 0.0
}