{
    "mutation_timestamp": 174.36050868034363,
    "tracheck_timestamp": 1694.6392333507538,
    "diagnosi_timestamp": 0.009469747543334961
}