{
    "mutation_timestamp": 139.32171082496643,
    "tracheck_timestamp": 4542.173898696899,
    "diagnosi_timestamp": 0.030682802200317383
}