{
    "mutation_timestamp": 118.03424048423767,
    "tracheck_timestamp": 234.07565665245056,
    "diagnosi_timestamp": 0.003341197967529297
}