{
    "mutation_timestamp": 131.48711848258972,
    "tracheck_timestamp": 247.389333486557,
    "diagnosi_timestamp": 0.007150411605834961
}