{
    "mutation_timestamp": 114.18494439125061,
    "tracheck_timestamp": 233.6365294456482,
    "diagnosi_timestamp": 0.012306690216064453
}