{
    "mutation_timestamp": 11.40001654624939,
    "tracheck_timestamp": 68.46821522712708,
    "diagnosi_timestamp": 0.017822980880737305
}