{
    "mutation_timestamp": 126.59263110160828,
    "tracheck_timestamp": 2678.3539299964905,
    "diagnosi_timestamp": 0.011980295181274414
}