{
    "mutation_timestamp": 143.23685598373413,
    "tracheck_timestamp": 4147.286076307297,
    "diagnosi_timestamp": 0.02513289451599121
}