{
    "mutation_timestamp": 885.2460141181946,
    "tracheck_timestamp": 78741.56023621559,
    "diagnosi_timestamp": 6.891242027282715
}