{
    "mutation_timestamp": 3.560037851333618,
    "tracheck_timestamp": 400787.6547393799,
    "diagnosi_timestamp": 0.0
}