{
    "mutation_timestamp": 151.36598110198975,
    "tracheck_timestamp": 262.78365755081177,
    "diagnosi_timestamp": 0.010162830352783203
}