{
    "mutation_timestamp": 246.77293729782104,
    "tracheck_timestamp": 380.92648005485535,
    "diagnosi_timestamp": 0.11166548728942871
}