{
    "mutation_timestamp": 76.50668430328369,
    "tracheck_timestamp": 6952.932728290558,
    "diagnosi_timestamp": 0.04862856864929199
}