{
    "mutation_timestamp": 325.08448004722595,
    "tracheck_timestamp": 452.5558204650879,
    "diagnosi_timestamp": 0.1039736270904541
}