{
    "mutation_timestamp": 128.9011151790619,
    "tracheck_timestamp": 2454.5988619327545,
    "diagnosi_timestamp": 0.011975526809692383
}