{
    "mutation_timestamp": 38.822540283203125,
    "tracheck_timestamp": 4391.730662107468,
    "diagnosi_timestamp": 0.028932571411132812
}