{
    "mutation_timestamp": 1.0158154964447021,
    "tracheck_timestamp": 4475.260894775391,
    "diagnosi_timestamp": 0.001665353775024414
}