{
    "mutation_timestamp": 124.46521425247192,
    "tracheck_timestamp": 251.87621235847473,
    "diagnosi_timestamp": 0.019888877868652344
}