{
    "mutation_timestamp": 147.68640613555908,
    "tracheck_timestamp": 264.7066593170166,
    "diagnosi_timestamp": 0.011341333389282227
}