{
    "mutation_timestamp": 47.05727005004883,
    "tracheck_timestamp": 4307.650817871094,
    "diagnosi_timestamp": 0.03676438331604004
}