{
    "mutation_timestamp": 104.9297742843628,
    "tracheck_timestamp": 235.91101169586182,
    "diagnosi_timestamp": 0.008484125137329102
}