{
    "mutation_timestamp": 636.7306878566742,
    "tracheck_timestamp": 27967.48563528061,
    "diagnosi_timestamp": 6.523908615112305
}