{
    "mutation_timestamp": 170.45177626609802,
    "tracheck_timestamp": 325.61679220199585,
    "diagnosi_timestamp": 0.0369110107421875
}