{
    "mutation_timestamp": 304.79879903793335,
    "tracheck_timestamp": 439.7149701118469,
    "diagnosi_timestamp": 0.12077975273132324
}