{
    "mutation_timestamp": 124.33580183982849,
    "tracheck_timestamp": 5304.284073114395,
    "diagnosi_timestamp": 0.07333755493164062
}