{
    "mutation_timestamp": 114.89150977134705,
    "tracheck_timestamp": 232.32725286483765,
    "diagnosi_timestamp": 0.03321027755737305
}