{
    "mutation_timestamp": 123.81575727462769,
    "tracheck_timestamp": 2590.640451192856,
    "diagnosi_timestamp": 0.010548830032348633
}