{
    "mutation_timestamp": 136.5352475643158,
    "tracheck_timestamp": 4267.398157835007,
    "diagnosi_timestamp": 0.024218320846557617
}