{
    "mutation_timestamp": 175.9293348789215,
    "tracheck_timestamp": 1312.7387382984161,
    "diagnosi_timestamp": 0.0033600330352783203
}