{
    "mutation_timestamp": 50.4512038230896,
    "tracheck_timestamp": 2016.6519975662231,
    "diagnosi_timestamp": 0.0026025772094726562
}