{
    "mutation_timestamp": 295.1785891056061,
    "tracheck_timestamp": 428.667174577713,
    "diagnosi_timestamp": 0.13650798797607422
}