{
    "mutation_timestamp": 133.68109464645386,
    "tracheck_timestamp": 252.89989686012268,
    "diagnosi_timestamp": 0.0036749839782714844
}