{
    "mutation_timestamp": 3.7570347785949707,
    "tracheck_timestamp": 385138.71917390823,
    "diagnosi_timestamp": 0.0
}