{
    "mutation_timestamp": 0.4471137523651123,
    "tracheck_timestamp": 293326.1708126068,
    "diagnosi_timestamp": 0.0
}