{
    "mutation_timestamp": 2.221057653427124,
    "tracheck_timestamp": 364527.16049337387,
    "diagnosi_timestamp": 0.0
}