{
    "mutation_timestamp": 92.05242443084717,
    "tracheck_timestamp": 16422.595242261887,
    "diagnosi_timestamp": 7.7028608322143555
}