{
    "mutation_timestamp": 123.6562831401825,
    "tracheck_timestamp": 429320.075330019,
    "diagnosi_timestamp": 0.0
}