{
    "mutation_timestamp": 1.1046664714813232,
    "tracheck_timestamp": 157.38522744178772,
    "diagnosi_timestamp": 0.001306295394897461
}