{
    "mutation_timestamp": 184.03131103515625,
    "tracheck_timestamp": 5882.758851289749,
    "diagnosi_timestamp": 0.07131671905517578
}