{
    "mutation_timestamp": 117.31775450706482,
    "tracheck_timestamp": 239.04882788658142,
    "diagnosi_timestamp": 0.036045074462890625
}