{
    "mutation_timestamp": 1033.4809999465942,
    "tracheck_timestamp": 58309.74243354797,
    "diagnosi_timestamp": 6.016041040420532
}