{
    "mutation_timestamp": 299.3910987377167,
    "tracheck_timestamp": 445.7177073955536,
    "diagnosi_timestamp": 0.11617588996887207
}