{
    "mutation_timestamp": 115.15278506278992,
    "tracheck_timestamp": 239.70793509483337,
    "diagnosi_timestamp": 0.003095388412475586
}