{
    "mutation_timestamp": 228.05086541175842,
    "tracheck_timestamp": 5712.418203353882,
    "diagnosi_timestamp": 0.0786445140838623
}