{
    "mutation_timestamp": 22.153305053710938,
    "tracheck_timestamp": 93.40956354141235,
    "diagnosi_timestamp": 0.04017376899719238
}