{
    "mutation_timestamp": 1.0028786659240723,
    "tracheck_timestamp": 4730.158122062683,
    "diagnosi_timestamp": 0.0018932819366455078
}