{
    "mutation_timestamp": 1.4828107357025146,
    "tracheck_timestamp": 360440.4549868107,
    "diagnosi_timestamp": 0.0
}