{
    "mutation_timestamp": 134.5362048149109,
    "tracheck_timestamp": 291.3938262462616,
    "diagnosi_timestamp": 0.03327488899230957
}