{
    "mutation_timestamp": 117.87255144119263,
    "tracheck_timestamp": 233.11857771873474,
    "diagnosi_timestamp": 0.03302788734436035
}