{
    "mutation_timestamp": 169.81684041023254,
    "tracheck_timestamp": 1661.569809436798,
    "diagnosi_timestamp": 0.00905299186706543
}