{
    "mutation_timestamp": 295.51085233688354,
    "tracheck_timestamp": 433.1528160572052,
    "diagnosi_timestamp": 0.11241817474365234
}