{
    "mutation_timestamp": 119.01112270355225,
    "tracheck_timestamp": 235.3021059036255,
    "diagnosi_timestamp": 0.010104656219482422
}