{
    "mutation_timestamp": 5.867854595184326,
    "tracheck_timestamp": 405159.3873260021,
    "diagnosi_timestamp": 0.0
}