{
    "mutation_timestamp": 1242.4872443675995,
    "tracheck_timestamp": 56595.87908697128,
    "diagnosi_timestamp": 6.671101093292236
}