{
    "mutation_timestamp": 126.53920722007751,
    "tracheck_timestamp": 257.8707184791565,
    "diagnosi_timestamp": 0.0032176971435546875
}