{
    "mutation_timestamp": 278.26413917541504,
    "tracheck_timestamp": 414.3108797073364,
    "diagnosi_timestamp": 0.10625767707824707
}