{
    "mutation_timestamp": 119.13082027435303,
    "tracheck_timestamp": 234.33724164962769,
    "diagnosi_timestamp": 0.010302543640136719
}