{
    "mutation_timestamp": 1504.8062896728516,
    "tracheck_timestamp": 44310.0189166069,
    "diagnosi_timestamp": 5.709171533584595
}