{
    "mutation_timestamp": 117.7526650428772,
    "tracheck_timestamp": 237.47657012939453,
    "diagnosi_timestamp": 0.017573833465576172
}