{
    "mutation_timestamp": 19.297151803970337,
    "tracheck_timestamp": 414370.21929597855,
    "diagnosi_timestamp": 0.0
}