{
    "mutation_timestamp": 32.859938859939575,
    "tracheck_timestamp": 413447.30248236656,
    "diagnosi_timestamp": 0.0
}