{
    "mutation_timestamp": 126.64167928695679,
    "tracheck_timestamp": 240.72932314872742,
    "diagnosi_timestamp": 0.04470634460449219
}