{
    "mutation_timestamp": 320.0561988353729,
    "tracheck_timestamp": 480.0535936355591,
    "diagnosi_timestamp": 0.11069631576538086
}