{
    "mutation_timestamp": 307.27583169937134,
    "tracheck_timestamp": 447.6802294254303,
    "diagnosi_timestamp": 0.10055732727050781
}