{
    "mutation_timestamp": 277.6993498802185,
    "tracheck_timestamp": 425.8575084209442,
    "diagnosi_timestamp": 0.13201308250427246
}