{
    "mutation_timestamp": 208.2370569705963,
    "tracheck_timestamp": 343.318119764328,
    "diagnosi_timestamp": 0.10936498641967773
}