{
    "mutation_timestamp": 634.4319944381714,
    "tracheck_timestamp": 40947.38895916939,
    "diagnosi_timestamp": 5.096157073974609
}