{
    "mutation_timestamp": 113.94081234931946,
    "tracheck_timestamp": 233.4010648727417,
    "diagnosi_timestamp": 0.04229736328125
}