{
    "mutation_timestamp": 4.885772943496704,
    "tracheck_timestamp": 378003.34637999535,
    "diagnosi_timestamp": 0.0
}