{
    "mutation_timestamp": 135.67260003089905,
    "tracheck_timestamp": 4201.862762451172,
    "diagnosi_timestamp": 0.026222944259643555
}