{
    "mutation_timestamp": 689.0880599021912,
    "tracheck_timestamp": 30868.271238327026,
    "diagnosi_timestamp": 6.117110013961792
}