{
    "mutation_timestamp": 116.56392049789429,
    "tracheck_timestamp": 232.10664057731628,
    "diagnosi_timestamp": 0.010634183883666992
}