{
    "mutation_timestamp": 117.1075611114502,
    "tracheck_timestamp": 247.81905364990234,
    "diagnosi_timestamp": 0.004900455474853516
}