{
    "mutation_timestamp": 0.5222220420837402,
    "tracheck_timestamp": 334617.8195397854,
    "diagnosi_timestamp": 0.0
}