{
    "mutation_timestamp": 856.6630473136902,
    "tracheck_timestamp": 40368.75268435478,
    "diagnosi_timestamp": 7.740093469619751
}