{
    "mutation_timestamp": 92.69780659675598,
    "tracheck_timestamp": 6993.536079645157,
    "diagnosi_timestamp": 0.051436662673950195
}