{
    "mutation_timestamp": 319.71266078948975,
    "tracheck_timestamp": 453.9345443248749,
    "diagnosi_timestamp": 0.10809779167175293
}