{
    "mutation_timestamp": 1125.161479473114,
    "tracheck_timestamp": 43923.38024973869,
    "diagnosi_timestamp": 6.172744274139404
}