{
    "mutation_timestamp": 5.145646095275879,
    "tracheck_timestamp": 374505.35319781303,
    "diagnosi_timestamp": 0.0
}