{
    "mutation_timestamp": 98.88052415847778,
    "tracheck_timestamp": 216.9506320953369,
    "diagnosi_timestamp": 0.006322383880615234
}