{
    "mutation_timestamp": 112.0315990447998,
    "tracheck_timestamp": 229.6938123703003,
    "diagnosi_timestamp": 0.03442955017089844
}