{
    "mutation_timestamp": 173.3424994945526,
    "tracheck_timestamp": 1317.1904010772705,
    "diagnosi_timestamp": 0.0034170150756835938
}