{
    "mutation_timestamp": 219.4513783454895,
    "tracheck_timestamp": 5949.00692486763,
    "diagnosi_timestamp": 0.0740516185760498
}