{
    "mutation_timestamp": 161.29637670516968,
    "tracheck_timestamp": 5208.863158464432,
    "diagnosi_timestamp": 0.06075906753540039
}