{
    "mutation_timestamp": 157.76493167877197,
    "tracheck_timestamp": 273.6869032382965,
    "diagnosi_timestamp": 0.05141472816467285
}