{
    "mutation_timestamp": 4.149955987930298,
    "tracheck_timestamp": 390856.63537597656,
    "diagnosi_timestamp": 0.0
}