{
    "mutation_timestamp": 151.82292485237122,
    "tracheck_timestamp": 264.17340660095215,
    "diagnosi_timestamp": 0.04465126991271973
}