{
    "mutation_timestamp": 59.13113284111023,
    "tracheck_timestamp": 2028.0532863140106,
    "diagnosi_timestamp": 0.002526521682739258
}