{
    "mutation_timestamp": 138.84172248840332,
    "tracheck_timestamp": 5061.264536857605,
    "diagnosi_timestamp": 0.06010127067565918
}