{
    "mutation_timestamp": 117.11410093307495,
    "tracheck_timestamp": 236.62419652938843,
    "diagnosi_timestamp": 0.03382277488708496
}