{
    "mutation_timestamp": 190.2343876361847,
    "tracheck_timestamp": 5607.980769395828,
    "diagnosi_timestamp": 0.07511377334594727
}