{
    "mutation_timestamp": 129.59614968299866,
    "tracheck_timestamp": 2715.8618910312653,
    "diagnosi_timestamp": 0.01289510726928711
}