{
    "mutation_timestamp": 1.3302927017211914,
    "tracheck_timestamp": 158.4974160194397,
    "diagnosi_timestamp": 0.0015439987182617188
}