{
    "mutation_timestamp": 112.7817234992981,
    "tracheck_timestamp": 230.39404129981995,
    "diagnosi_timestamp": 0.03231024742126465
}