{
    "mutation_timestamp": 129.45231533050537,
    "tracheck_timestamp": 246.18643712997437,
    "diagnosi_timestamp": 0.007971525192260742
}