{
    "mutation_timestamp": 112.35140872001648,
    "tracheck_timestamp": 231.5430247783661,
    "diagnosi_timestamp": 0.0035567283630371094
}