{
    "mutation_timestamp": 44.197964668273926,
    "tracheck_timestamp": 4158.102199792862,
    "diagnosi_timestamp": 0.03460836410522461
}