{
    "mutation_timestamp": 14.108338594436646,
    "tracheck_timestamp": 409679.04030251503,
    "diagnosi_timestamp": 0.0
}