{
    "mutation_timestamp": 362.19120168685913,
    "tracheck_timestamp": 498.41683769226074,
    "diagnosi_timestamp": 0.12088227272033691
}