{
    "mutation_timestamp": 113.71098804473877,
    "tracheck_timestamp": 239.4770224094391,
    "diagnosi_timestamp": 0.03238201141357422
}