{
    "mutation_timestamp": 702.1266407966614,
    "tracheck_timestamp": 21274.20057606697,
    "diagnosi_timestamp": 6.426823377609253
}