{
    "mutation_timestamp": 231.38390374183655,
    "tracheck_timestamp": 375.5259771347046,
    "diagnosi_timestamp": 0.11297273635864258
}