{
    "mutation_timestamp": 1.0265841484069824,
    "tracheck_timestamp": 4412.036894798279,
    "diagnosi_timestamp": 0.001615285873413086
}