{
    "mutation_timestamp": 302.1467070579529,
    "tracheck_timestamp": 438.09902834892273,
    "diagnosi_timestamp": 0.11814546585083008
}