{
    "mutation_timestamp": 336.21285223960876,
    "tracheck_timestamp": 480.75012826919556,
    "diagnosi_timestamp": 0.11019301414489746
}