{
    "mutation_timestamp": 128.41794109344482,
    "tracheck_timestamp": 244.65364003181458,
    "diagnosi_timestamp": 0.043401241302490234
}