{
    "mutation_timestamp": 223.1823284626007,
    "tracheck_timestamp": 370.0868077278137,
    "diagnosi_timestamp": 0.11788225173950195
}