{
    "mutation_timestamp": 259.47401666641235,
    "tracheck_timestamp": 397.29690861701965,
    "diagnosi_timestamp": 0.1393883228302002
}