{
    "mutation_timestamp": 114.62524151802063,
    "tracheck_timestamp": 232.4622287750244,
    "diagnosi_timestamp": 0.010164022445678711
}