{
    "mutation_timestamp": 174.49313950538635,
    "tracheck_timestamp": 1716.5227725505829,
    "diagnosi_timestamp": 0.009343385696411133
}