{
    "mutation_timestamp": 50.041938066482544,
    "tracheck_timestamp": 2013.39928150177,
    "diagnosi_timestamp": 0.0023386478424072266
}