{
    "mutation_timestamp": 126.47145986557007,
    "tracheck_timestamp": 5433.136953353882,
    "diagnosi_timestamp": 0.0548551082611084
}