{
    "mutation_timestamp": 1.2045249938964844,
    "tracheck_timestamp": 157.82229948043823,
    "diagnosi_timestamp": 0.001493215560913086
}