{
    "mutation_timestamp": 127.64591813087463,
    "tracheck_timestamp": 246.85783076286316,
    "diagnosi_timestamp": 0.03975200653076172
}