{
    "mutation_timestamp": 49.64043188095093,
    "tracheck_timestamp": 4527.677220821381,
    "diagnosi_timestamp": 0.0355222225189209
}