{
    "mutation_timestamp": 399.5542597770691,
    "tracheck_timestamp": 22276.519457817078,
    "diagnosi_timestamp": 0.11929917335510254
}