{
    "mutation_timestamp": 177.53589701652527,
    "tracheck_timestamp": 5773.058927297592,
    "diagnosi_timestamp": 0.06984233856201172
}