{
    "mutation_timestamp": 140.23737502098083,
    "tracheck_timestamp": 294.03559851646423,
    "diagnosi_timestamp": 0.0334475040435791
}