{
    "mutation_timestamp": 146.87087035179138,
    "tracheck_timestamp": 266.4322199821472,
    "diagnosi_timestamp": 0.022658824920654297
}