{
    "mutation_timestamp": 74.44890832901001,
    "tracheck_timestamp": 173.94487071037292,
    "diagnosi_timestamp": 0.017734766006469727
}