{
    "mutation_timestamp": 42.24354028701782,
    "tracheck_timestamp": 4413.222432136536,
    "diagnosi_timestamp": 0.033452510833740234
}