{
    "mutation_timestamp": 114.87641286849976,
    "tracheck_timestamp": 236.29500651359558,
    "diagnosi_timestamp": 0.034055233001708984
}