{
    "mutation_timestamp": 53.037357330322266,
    "tracheck_timestamp": 3974.438276529312,
    "diagnosi_timestamp": 0.03494381904602051
}