{
    "mutation_timestamp": 121.22610783576965,
    "tracheck_timestamp": 241.72933077812195,
    "diagnosi_timestamp": 0.032569169998168945
}