{
    "mutation_timestamp": 240.2716875076294,
    "tracheck_timestamp": 376.6703839302063,
    "diagnosi_timestamp": 0.12375164031982422
}