{
    "mutation_timestamp": 4.275368928909302,
    "tracheck_timestamp": 330908.143337965,
    "diagnosi_timestamp": 0.0
}