{
    "mutation_timestamp": 133.54190135002136,
    "tracheck_timestamp": 245.42913389205933,
    "diagnosi_timestamp": 0.0480496883392334
}