{
    "mutation_timestamp": 177.11687564849854,
    "tracheck_timestamp": 1683.721694469452,
    "diagnosi_timestamp": 0.009098052978515625
}