{
    "mutation_timestamp": 100.39669251441956,
    "tracheck_timestamp": 218.0386872291565,
    "diagnosi_timestamp": 0.007134437561035156
}