{
    "mutation_timestamp": 1259.511390209198,
    "tracheck_timestamp": 45605.91825509071,
    "diagnosi_timestamp": 7.398393392562866
}