{
    "mutation_timestamp": 154.00780320167542,
    "tracheck_timestamp": 271.5146896839142,
    "diagnosi_timestamp": 0.011989831924438477
}