{
    "mutation_timestamp": 40.1280083656311,
    "tracheck_timestamp": 4584.377316474915,
    "diagnosi_timestamp": 0.027431011199951172
}