{
    "mutation_timestamp": 3.874173164367676,
    "tracheck_timestamp": 404286.1400279999,
    "diagnosi_timestamp": 0.0
}