{
    "mutation_timestamp": 130.26963448524475,
    "tracheck_timestamp": 2526.0630419254303,
    "diagnosi_timestamp": 0.01097869873046875
}