{
    "mutation_timestamp": 46.305166721343994,
    "tracheck_timestamp": 4193.988204956055,
    "diagnosi_timestamp": 0.03446006774902344
}