{
    "mutation_timestamp": 116.65776777267456,
    "tracheck_timestamp": 242.20063495635986,
    "diagnosi_timestamp": 0.019049406051635742
}