{
    "mutation_timestamp": 1.044173002243042,
    "tracheck_timestamp": 4599.292191743851,
    "diagnosi_timestamp": 0.001520395278930664
}