{
    "mutation_timestamp": 141.9912679195404,
    "tracheck_timestamp": 257.5086853504181,
    "diagnosi_timestamp": 0.013260364532470703
}