{
    "mutation_timestamp": 19.28105354309082,
    "tracheck_timestamp": 422229.8666918278,
    "diagnosi_timestamp": 0.0
}