{
    "mutation_timestamp": 290.67511916160583,
    "tracheck_timestamp": 432.4602298736572,
    "diagnosi_timestamp": 0.1027066707611084
}