{
    "mutation_timestamp": 81.09748387336731,
    "tracheck_timestamp": 7196.034348249435,
    "diagnosi_timestamp": 0.05074167251586914
}