{
    "mutation_timestamp": 387.2818968296051,
    "tracheck_timestamp": 520.2686452865601,
    "diagnosi_timestamp": 0.12238097190856934
}