{
    "mutation_timestamp": 48.451671838760376,
    "tracheck_timestamp": 2016.737790107727,
    "diagnosi_timestamp": 0.0022776126861572266
}