{
    "mutation_timestamp": 136.43825840950012,
    "tracheck_timestamp": 5548.488714933395,
    "diagnosi_timestamp": 0.05756711959838867
}