{
    "mutation_timestamp": 173.7017045021057,
    "tracheck_timestamp": 327.81784176826477,
    "diagnosi_timestamp": 0.03751420974731445
}