{
    "mutation_timestamp": 169.7580885887146,
    "tracheck_timestamp": 1313.9536464214325,
    "diagnosi_timestamp": 0.0028314590454101562
}