{
    "mutation_timestamp": 212.823383808136,
    "tracheck_timestamp": 351.91800689697266,
    "diagnosi_timestamp": 0.11916065216064453
}