{
    "mutation_timestamp": 132.46962332725525,
    "tracheck_timestamp": 297.14552187919617,
    "diagnosi_timestamp": 0.0371091365814209
}