{
    "mutation_timestamp": 49.73549008369446,
    "tracheck_timestamp": 2017.9884963035583,
    "diagnosi_timestamp": 0.0025212764739990234
}