{
    "mutation_timestamp": 175.51542282104492,
    "tracheck_timestamp": 1313.7181396484375,
    "diagnosi_timestamp": 0.003176450729370117
}