{
    "mutation_timestamp": 182.39214491844177,
    "tracheck_timestamp": 1713.3647508621216,
    "diagnosi_timestamp": 0.009244680404663086
}