{
    "mutation_timestamp": 5.922907829284668,
    "tracheck_timestamp": 52.41206765174866,
    "diagnosi_timestamp": 0.01584148406982422
}