{
    "mutation_timestamp": 42.66674184799194,
    "tracheck_timestamp": 4269.732151269913,
    "diagnosi_timestamp": 0.033000946044921875
}