{
    "mutation_timestamp": 80.52600717544556,
    "tracheck_timestamp": 7187.281946897507,
    "diagnosi_timestamp": 0.05186629295349121
}