{
    "mutation_timestamp": 108.64645719528198,
    "tracheck_timestamp": 227.80664563179016,
    "diagnosi_timestamp": 0.0037069320678710938
}